dow,avg_revenue,avg_cogs,avg_margin_rate,dow_name
0,4311034.602705667,3714128.7408592324,0.12500702886118323,Mon
1,4465102.643272394,3839913.743071298,0.12574941991414557,Tue
2,4680064.837883212,4027919.5034671533,0.1255516783806975,Wed
3,4523044.0528284665,3905300.4024635036,0.12469363814099546,Thu
4,4046389.7346897814,3494995.055656934,0.12551901579455513,Fri
5,3906580.838850365,3371967.3495437955,0.12447305640876818,Sat
6,4073853.684771481,3511680.75678245,0.12676004807888122,Sun
