discount_bucket,lines,net_revenue,gross_profit,avg_discount_rate,margin_rate
0%,438353,10995039052.9,2195015385.575469,0.0,0.19963688851077996
0-5%,20852,371374544.07,-235002637.53819612,0.015680141624801892,-0.6327914535087271
5-10%,26378,566468787.15,4948381.798210937,0.09982950942736195,0.008735488892701539
10-20%,203186,3449508191.34,-374240128.8649136,0.15443769330697887,-0.10849086539479583
20%+,25900,298478689.96999997,-73302254.66843413,0.20000070786782662,-0.2455862248517699
