category,net_revenue,gross_profit,order_lines,avg_discount_rate,margin_rate
Streetwear,12558477099.17,1165807511.5462785,393533,0.04806298582343516,0.09283032507367694
Outdoor,2353396796.86,267034092.02258372,259986,0.06761336980885144,0.11346751741094901
Casual,440285193.75,33740765.234541334,23991,0.04989037505236959,0.07663388574838109
GenZ,328710175.65,50836377.49873251,37159,0.04924890464825443,0.154654103415592
