segment,net_revenue,gross_profit,lines,margin_rate
Everyday,5147454916.61,532174759.31949043,182533,0.10338599714632742
Balanced,4900317965.89,431236060.6605688,103333,0.08800164880367049
Performance,2285029332.18,173693836.65654963,96730,0.07601383238736786
Activewear,1930704974.66,246339549.18691477,230375,0.1275904669123751
Premium,454211900.54,26586226.136367206,31032,0.05853264985959103
All-weather,408765115.41,27849081.933843087,22570,0.0681297911293381
Trendy,328710175.65,50836377.49873251,37159,0.154654103415592
Standard,225674884.49,28702854.90966967,10937,0.12718674909055525
