promo_type,lines,net_revenue,gross_profit,margin_rate
percentage,255366,4314083021.23,-442339347.94453233,-0.10253380516038743
fixed,20950,371747191.3,-235257291.3288006,-0.6328421487358271
