order_source,orders,cancelled,cancel_rate
organic_search,181495,16743,0.09225047521970302
paid_search,141652,12893,0.09101883489114167
social_media,129710,11844,0.09131138694009713
email_campaign,77572,7132,0.09194039086268241
referral,64565,6028,0.09336327731743205
direct,51951,4822,0.09281823256530192
