payment_method,orders,cancelled,cancel_rate
credit_card,356352,28452,0.07984240301724138
paypal,97018,7817,0.08057267723515224
cod,96681,15468,0.15999007043783164
apple_pay,64763,5190,0.08013835060142366
bank_transfer,32131,2535,0.07889577043976222
