age_group,orders,customers,avg_order_value,orders_per_customer
25-34,190622,26802,24288.962803034276,7.112230430564884
35-44,170368,23642,24219.817533985257,7.206158531427121
45-54,124138,17193,24322.76849006751,7.2202640609550395
18-24,89057,12599,24168.585574856552,7.068576871180253
55+,72760,10010,24090.367839472237,7.268731268731269
