{
  "total_revenue": 16430476585.529999,
  "total_cogs": 14163450519.169998,
  "gross_margin_pct": 13.79768903573087,
  "cagr_pct": -7.036335509487279,
  "promo_line_share_pct": 38.663493169565214,
  "promo_net_share_pct": 29.882464633898632,
  "promo_aov": 16958.22975336209,
  "nonpromo_aov": 25082.613904547252,
  "promo_margin_est_pct": -14.460546126093652,
  "nonpromo_margin_est_pct": 19.963688851077993,
  "holiday_lift_pct": 18.815467635495352,
  "tet_lift_pct": -20.88845921848388,
  "repeat_180_pct": 27.884892405203555,
  "repeat_365_pct": 42.615739201737476,
  "east_revenue_share_pct": 46.49710864686597
}