age_group,total_orders,customers,avg_orders_per_customer
55+,72760,10010,7.268731268731269
45-54,124138,17193,7.2202640609550395
35-44,170368,23642,7.206158531427121
25-34,190622,26802,7.112230430564884
18-24,89057,12599,7.068576871180253
